subject,mode,repetition,metric,fault_line,baseline_average_rank,current_average_rank,rank_improvement,rank_improvement_fraction,baseline_tie_size,competitor_count,actual_below,actual_equal,actual_above,actual_below_fraction,actual_above_fraction,generated_usable_tests,new_profiles,new_PASS_profiles,new_FAIL_profiles,new_profile_items,new_profile_discriminating_items,new_profile_helpful_items,new_profile_harmful_items,new_profile_mixed_direction_items,new_profile_helpful_pairs,new_profile_harmful_pairs,new_profile_net_pairs,new_profile_helpful_PASS_pairs,new_profile_helpful_FAIL_pairs,new_profile_harmful_PASS_pairs,new_profile_harmful_FAIL_pairs,new_profile_discriminating_density,new_profile_helpful_density,new_profile_harmful_density,new_profile_net_density,new_profile_helpful_PASS_share,new_profile_helpful_FAIL_share,new_profile_competitors_with_helpful,new_profile_competitors_with_harmful,new_profile_competitors_net_helpful,new_profile_competitors_net_harmful,new_profile_competitors_net_zero,new_profile_competitors_net_helpful_fraction,new_profile_competitors_net_harmful_fraction,test_items,test_discriminating_items,test_helpful_items,test_harmful_items,test_mixed_direction_items,test_helpful_pairs,test_harmful_pairs,test_net_pairs,test_helpful_PASS_pairs,test_helpful_FAIL_pairs,test_harmful_PASS_pairs,test_harmful_FAIL_pairs,test_discriminating_density,test_helpful_density,test_harmful_density,test_net_density,test_helpful_PASS_share,test_helpful_FAIL_share,test_competitors_with_helpful,test_competitors_with_harmful,test_competitors_net_helpful,test_competitors_net_harmful,test_competitors_net_zero,test_competitors_net_helpful_fraction,test_competitors_net_harmful_fraction
expat_resume,afl,1,jaccard,2912,303.5,326.5,-23.0,-0.0757825370675453,524,523,4,481,38,0.0076481835564053535,0.07265774378585087,32,9,5,4,9,5,2,3,0,8,82,-74,0,8,82,0,0.019120458891013385,0.0016995963458678563,0.017420862545145528,-0.015721266199277672,0.0,1.0,4,42,0,42,481,0.0,0.08030592734225621,32,15,8,7,0,32,136,-104,0,32,136,0,0.010038240917782026,0.0019120458891013384,0.008126195028680689,-0.00621414913957935,0.0,1.0,4,42,4,38,481,0.0076481835564053535,0.07265774378585087
expat_resume,afl,1,ochiai,2912,303.5,326.5,-23.0,-0.0757825370675453,524,523,4,481,38,0.0076481835564053535,0.07265774378585087,32,9,5,4,9,5,2,3,0,8,82,-74,0,8,82,0,0.019120458891013385,0.0016995963458678563,0.017420862545145528,-0.015721266199277672,0.0,1.0,4,42,0,42,481,0.0,0.08030592734225621,32,15,8,7,0,32,136,-104,0,32,136,0,0.010038240917782026,0.0019120458891013384,0.008126195028680689,-0.00621414913957935,0.0,1.0,4,42,4,38,481,0.0076481835564053535,0.07265774378585087
expat_resume,afl,2,jaccard,2912,303.5,330.5,-27.0,-0.08896210873146623,524,523,0,481,42,0.0,0.08030592734225621,22,10,9,1,10,5,0,5,0,0,140,-140,0,0,140,0,0.02676864244741874,0.0,0.02676864244741874,-0.02676864244741874,0.0,0.0,0,42,0,42,481,0.0,0.08030592734225621,22,6,0,6,0,0,154,-154,0,0,154,0,0.01338432122370937,0.0,0.01338432122370937,-0.01338432122370937,0.0,0.0,0,42,0,42,481,0.0,0.08030592734225621
expat_resume,afl,2,ochiai,2912,303.5,330.5,-27.0,-0.08896210873146623,524,523,0,481,42,0.0,0.08030592734225621,22,10,9,1,10,5,0,5,0,0,140,-140,0,0,140,0,0.02676864244741874,0.0,0.02676864244741874,-0.02676864244741874,0.0,0.0,0,42,0,42,481,0.0,0.08030592734225621,22,6,0,6,0,0,154,-154,0,0,154,0,0.01338432122370937,0.0,0.01338432122370937,-0.01338432122370937,0.0,0.0,0,42,0,42,481,0.0,0.08030592734225621
expat_resume,afl,3,jaccard,2912,303.5,312.5,-9.0,-0.029654036243822075,524,523,18,481,24,0.03441682600382409,0.045889101338432124,39,13,6,7,13,10,5,5,0,92,116,-24,0,92,116,0,0.030592734225621414,0.013531401676717165,0.01706133254890425,-0.003529930872187086,0.0,1.0,42,42,0,24,499,0.0,0.045889101338432124,39,26,14,12,0,246,338,-92,0,246,338,0,0.028631661518850812,0.012060597146639212,0.0165710643722116,-0.004510467225572388,0.0,1.0,42,42,14,24,485,0.02676864244741874,0.045889101338432124
expat_resume,afl,3,ochiai,2912,303.5,312.5,-9.0,-0.029654036243822075,524,523,18,481,24,0.03441682600382409,0.045889101338432124,39,13,6,7,13,10,5,5,0,92,116,-24,0,92,116,0,0.030592734225621414,0.013531401676717165,0.01706133254890425,-0.003529930872187086,0.0,1.0,42,42,0,24,499,0.0,0.045889101338432124,39,26,14,12,0,246,338,-92,0,246,338,0,0.028631661518850812,0.012060597146639212,0.0165710643722116,-0.004510467225572388,0.0,1.0,42,42,14,24,485,0.02676864244741874,0.045889101338432124
expat_resume,afl,4,jaccard,2912,303.5,330.5,-27.0,-0.08896210873146623,524,523,0,481,42,0.0,0.08030592734225621,18,8,5,3,8,5,1,4,0,36,92,-56,0,36,92,0,0.030592734225621414,0.008604206500956023,0.02198852772466539,-0.01338432122370937,0.0,1.0,36,42,0,42,481,0.0,0.08030592734225621,18,5,1,4,0,36,92,-56,0,36,92,0,0.01359677076694285,0.0038240917782026767,0.009772678988740175,-0.005948587210537497,0.0,1.0,36,42,0,42,481,0.0,0.08030592734225621
expat_resume,afl,4,ochiai,2912,303.5,302.5,1.0,0.0032948929159802307,524,523,28,481,14,0.05353728489483748,0.02676864244741874,18,8,5,3,8,5,1,4,0,36,92,-56,0,36,92,0,0.030592734225621414,0.008604206500956023,0.02198852772466539,-0.01338432122370937,0.0,1.0,36,42,0,42,481,0.0,0.08030592734225621,18,5,1,4,0,36,92,-56,0,36,92,0,0.01359677076694285,0.0038240917782026767,0.009772678988740175,-0.005948587210537497,0.0,1.0,36,42,0,42,481,0.0,0.08030592734225621
expat_resume,afl,5,jaccard,2912,303.5,338.5,-35.0,-0.11532125205930807,524,523,0,481,42,0.0,0.08030592734225621,12,8,7,1,8,6,0,6,0,0,96,-96,0,0,96,0,0.022944550669216062,0.0,0.022944550669216062,-0.022944550669216062,0.0,0.0,0,42,0,42,481,0.0,0.08030592734225621,12,7,0,7,0,0,110,-110,0,0,110,0,0.01752708731676227,0.0,0.01752708731676227,-0.01752708731676227,0.0,0.0,0,42,0,42,481,0.0,0.08030592734225621
expat_resume,afl,5,ochiai,2912,303.5,338.5,-35.0,-0.11532125205930807,524,523,0,481,42,0.0,0.08030592734225621,12,8,7,1,8,6,0,6,0,0,96,-96,0,0,96,0,0.022944550669216062,0.0,0.022944550669216062,-0.022944550669216062,0.0,0.0,0,42,0,42,481,0.0,0.08030592734225621,12,7,0,7,0,0,110,-110,0,0,110,0,0.01752708731676227,0.0,0.01752708731676227,-0.01752708731676227,0.0,0.0,0,42,0,42,481,0.0,0.08030592734225621
expat_resume,aflsmart-mixed,1,jaccard,2912,303.5,330.5,-27.0,-0.08896210873146623,524,523,0,481,42,0.0,0.08030592734225621,23,11,7,4,11,8,2,6,0,12,110,-98,0,12,110,0,0.02120632713366939,0.0020858682426560054,0.019120458891013385,-0.01703459064835738,0.0,1.0,12,42,0,42,481,0.0,0.08030592734225621,23,16,3,13,0,16,292,-276,0,16,292,0,0.02560478842796575,0.0013301188793748441,0.024274669548590904,-0.022944550669216062,0.0,1.0,12,42,0,42,481,0.0,0.08030592734225621
expat_resume,aflsmart-mixed,1,ochiai,2912,303.5,326.5,-23.0,-0.0757825370675453,524,523,4,481,38,0.0076481835564053535,0.07265774378585087,23,11,7,4,11,8,2,6,0,12,110,-98,0,12,110,0,0.02120632713366939,0.0020858682426560054,0.019120458891013385,-0.01703459064835738,0.0,1.0,12,42,0,42,481,0.0,0.08030592734225621,23,16,3,13,0,16,292,-276,0,16,292,0,0.02560478842796575,0.0013301188793748441,0.024274669548590904,-0.022944550669216062,0.0,1.0,12,42,0,42,481,0.0,0.08030592734225621
expat_resume,aflsmart-mixed,2,jaccard,2912,303.5,330.5,-27.0,-0.08896210873146623,524,523,0,481,42,0.0,0.08030592734225621,33,13,9,4,13,7,0,7,0,0,122,-122,0,0,122,0,0.017943815266951022,0.0,0.017943815266951022,-0.017943815266951022,0.0,0.0,0,42,0,42,481,0.0,0.08030592734225621,33,8,0,8,0,0,136,-136,0,0,136,0,0.007879946694478243,0.0,0.007879946694478243,-0.007879946694478243,0.0,0.0,0,42,0,42,481,0.0,0.08030592734225621
expat_resume,aflsmart-mixed,2,ochiai,2912,303.5,330.5,-27.0,-0.08896210873146623,524,523,0,481,42,0.0,0.08030592734225621,33,13,9,4,13,7,0,7,0,0,122,-122,0,0,122,0,0.017943815266951022,0.0,0.017943815266951022,-0.017943815266951022,0.0,0.0,0,42,0,42,481,0.0,0.08030592734225621,33,8,0,8,0,0,136,-136,0,0,136,0,0.007879946694478243,0.0,0.007879946694478243,-0.007879946694478243,0.0,0.0,0,42,0,42,481,0.0,0.08030592734225621
expat_resume,aflsmart-mixed,3,jaccard,2912,303.5,338.5,-35.0,-0.11532125205930807,524,523,0,481,42,0.0,0.08030592734225621,28,13,10,3,13,9,3,6,0,40,168,-128,0,40,168,0,0.030592734225621414,0.005883218120311811,0.024709516105309606,-0.018826297984997794,0.0,1.0,36,42,0,42,481,0.0,0.08030592734225621,28,13,3,10,0,40,336,-296,0,40,336,0,0.025676044796503688,0.0027314941272876263,0.022944550669216062,-0.020213056541928436,0.0,1.0,36,42,0,42,481,0.0,0.08030592734225621
expat_resume,aflsmart-mixed,3,ochiai,2912,303.5,330.5,-27.0,-0.08896210873146623,524,523,0,481,42,0.0,0.08030592734225621,28,13,10,3,13,9,3,6,0,40,168,-128,0,40,168,0,0.030592734225621414,0.005883218120311811,0.024709516105309606,-0.018826297984997794,0.0,1.0,36,42,0,42,481,0.0,0.08030592734225621,28,13,3,10,0,40,336,-296,0,40,336,0,0.025676044796503688,0.0027314941272876263,0.022944550669216062,-0.020213056541928436,0.0,1.0,36,42,0,42,481,0.0,0.08030592734225621
expat_resume,aflsmart-mixed,4,jaccard,2912,303.5,330.5,-27.0,-0.08896210873146623,524,523,0,481,42,0.0,0.08030592734225621,22,11,7,4,11,6,2,4,0,32,134,-102,0,32,134,0,0.028854510690074744,0.0055623153137493485,0.023292195376325396,-0.01772988006257605,0.0,1.0,28,42,0,42,481,0.0,0.08030592734225621,22,7,2,5,0,32,176,-144,0,32,176,0,0.018077524769685382,0.0027811576568746743,0.015296367112810707,-0.012515209455936033,0.0,1.0,28,42,0,42,481,0.0,0.08030592734225621
expat_resume,aflsmart-mixed,4,ochiai,2912,303.5,326.5,-23.0,-0.0757825370675453,524,523,4,481,38,0.0076481835564053535,0.07265774378585087,22,11,7,4,11,6,2,4,0,32,134,-102,0,32,134,0,0.028854510690074744,0.0055623153137493485,0.023292195376325396,-0.01772988006257605,0.0,1.0,28,42,0,42,481,0.0,0.08030592734225621,22,7,2,5,0,32,176,-144,0,32,176,0,0.018077524769685382,0.0027811576568746743,0.015296367112810707,-0.012515209455936033,0.0,1.0,28,42,0,42,481,0.0,0.08030592734225621
expat_resume,aflsmart-mixed,5,jaccard,2912,303.5,330.5,-27.0,-0.08896210873146623,524,523,0,481,42,0.0,0.08030592734225621,31,7,5,2,7,3,1,2,0,28,56,-28,0,28,56,0,0.022944550669216062,0.0076481835564053535,0.015296367112810707,-0.0076481835564053535,0.0,1.0,28,42,0,14,509,0.0,0.02676864244741874,31,5,1,4,0,28,112,-84,0,28,112,0,0.008635045950780238,0.0017270091901560476,0.006908036760624191,-0.005181027570468143,0.0,1.0,28,42,0,42,481,0.0,0.08030592734225621
expat_resume,aflsmart-mixed,5,ochiai,2912,303.5,302.5,1.0,0.0032948929159802307,524,523,28,481,14,0.05353728489483748,0.02676864244741874,31,7,5,2,7,3,1,2,0,28,56,-28,0,28,56,0,0.022944550669216062,0.0076481835564053535,0.015296367112810707,-0.0076481835564053535,0.0,1.0,28,42,0,14,509,0.0,0.02676864244741874,31,5,1,4,0,28,112,-84,0,28,112,0,0.008635045950780238,0.0017270091901560476,0.006908036760624191,-0.005181027570468143,0.0,1.0,28,42,0,42,481,0.0,0.08030592734225621
expat_resume,aflsmart-nonstack,1,jaccard,2912,303.5,318.5,-15.0,-0.04942339373970346,524,523,12,481,30,0.022944550669216062,0.05736137667304015,58,20,11,9,20,19,8,11,0,124,196,-72,0,124,196,0,0.030592734225621414,0.011854684512428298,0.018738049713193115,-0.006883365200764819,0.0,1.0,42,42,0,38,485,0.0,0.07265774378585087,58,56,31,25,0,378,496,-118,0,378,496,0,0.0288125535702512,0.012461264587591482,0.016351288982659723,-0.0038900243950682404,0.0,1.0,42,42,8,34,481,0.015296367112810707,0.06500956022944551
expat_resume,aflsmart-nonstack,1,ochiai,2912,303.5,318.5,-15.0,-0.04942339373970346,524,523,12,481,30,0.022944550669216062,0.05736137667304015,58,20,11,9,20,19,8,11,0,124,196,-72,0,124,196,0,0.030592734225621414,0.011854684512428298,0.018738049713193115,-0.006883365200764819,0.0,1.0,42,42,0,38,485,0.0,0.07265774378585087,58,56,31,25,0,378,496,-118,0,378,496,0,0.0288125535702512,0.012461264587591482,0.016351288982659723,-0.0038900243950682404,0.0,1.0,42,42,8,34,481,0.015296367112810707,0.06500956022944551
expat_resume,aflsmart-nonstack,2,jaccard,2912,303.5,316.5,-13.0,-0.042833607907743,524,523,14,481,28,0.02676864244741874,0.05353728489483748,30,15,8,7,15,13,6,7,0,110,158,-48,0,110,158,0,0.03416188655194392,0.014021669853409816,0.020140216698534098,-0.006118546845124283,0.0,1.0,42,42,0,42,481,0.0,0.08030592734225621,30,22,10,12,0,194,316,-122,0,194,316,0,0.032504780114722756,0.012364563416188655,0.020140216698534098,-0.007775653282345443,0.0,1.0,42,42,0,42,481,0.0,0.08030592734225621
expat_resume,aflsmart-nonstack,2,ochiai,2912,303.5,312.5,-9.0,-0.029654036243822075,524,523,18,481,24,0.03441682600382409,0.045889101338432124,30,15,8,7,15,13,6,7,0,110,158,-48,0,110,158,0,0.03416188655194392,0.014021669853409816,0.020140216698534098,-0.006118546845124283,0.0,1.0,42,42,0,42,481,0.0,0.08030592734225621,30,22,10,12,0,194,316,-122,0,194,316,0,0.032504780114722756,0.012364563416188655,0.020140216698534098,-0.007775653282345443,0.0,1.0,42,42,0,42,481,0.0,0.08030592734225621
expat_resume,aflsmart-nonstack,3,jaccard,2912,303.5,326.5,-23.0,-0.0757825370675453,524,523,4,481,38,0.0076481835564053535,0.07265774378585087,33,13,8,5,13,11,4,7,0,96,148,-52,0,96,148,0,0.035887630533902044,0.014119723488748345,0.0217679070451537,-0.0076481835564053535,0.0,1.0,42,42,4,14,505,0.0076481835564053535,0.02676864244741874,33,24,5,19,0,138,450,-312,0,138,450,0,0.03406918129671476,0.007995828263514687,0.026073353033200068,-0.018077524769685382,0.0,1.0,42,42,0,42,481,0.0,0.08030592734225621
expat_resume,aflsmart-nonstack,3,ochiai,2912,303.5,302.5,1.0,0.0032948929159802307,524,523,28,481,14,0.05353728489483748,0.02676864244741874,33,13,8,5,13,11,4,7,0,96,148,-52,0,96,148,0,0.035887630533902044,0.014119723488748345,0.0217679070451537,-0.0076481835564053535,0.0,1.0,42,42,4,14,505,0.0076481835564053535,0.02676864244741874,33,24,5,19,0,138,450,-312,0,138,450,0,0.03406918129671476,0.007995828263514687,0.026073353033200068,-0.018077524769685382,0.0,1.0,42,42,0,42,481,0.0,0.08030592734225621
expat_resume,aflsmart-nonstack,4,jaccard,2912,303.5,306.5,-3.0,-0.009884678747940691,524,523,18,481,24,0.03441682600382409,0.045889101338432124,43,13,6,7,13,11,5,6,0,102,116,-14,0,102,116,0,0.03206353875569937,0.015002206206795116,0.01706133254890425,-0.0020591263421091337,0.0,1.0,42,42,0,14,509,0.0,0.02676864244741874,43,37,19,18,0,362,388,-26,0,362,388,0,0.03334963760060474,0.01609675841522522,0.01725287918537952,-0.0011561207701542976,0.0,1.0,42,42,18,24,481,0.03441682600382409,0.045889101338432124
expat_resume,aflsmart-nonstack,4,ochiai,2912,303.5,282.5,21.0,0.06919275123558484,524,523,42,481,0,0.08030592734225621,0.0,43,13,6,7,13,11,5,6,0,102,116,-14,0,102,116,0,0.03206353875569937,0.015002206206795116,0.01706133254890425,-0.0020591263421091337,0.0,1.0,42,42,0,14,509,0.0,0.02676864244741874,43,37,19,18,0,362,388,-26,0,362,388,0,0.03334963760060474,0.01609675841522522,0.01725287918537952,-0.0011561207701542976,0.0,1.0,42,42,18,24,481,0.03441682600382409,0.045889101338432124
expat_resume,aflsmart-nonstack,5,jaccard,2912,303.5,288.5,15.0,0.04942339373970346,524,523,42,481,0,0.08030592734225621,0.0,25,12,5,7,12,11,6,5,0,110,120,-10,0,110,120,0,0.036647546207775654,0.01752708731676227,0.019120458891013385,-0.0015933715742511153,0.0,1.0,42,42,14,24,485,0.02676864244741874,0.045889101338432124,25,17,10,7,0,194,148,46,0,194,148,0,0.02615678776290631,0.014837476099426386,0.011319311663479924,0.003518164435946463,0.0,1.0,42,42,18,0,505,0.03441682600382409,0.0
expat_resume,aflsmart-nonstack,5,ochiai,2912,303.5,288.5,15.0,0.04942339373970346,524,523,42,481,0,0.08030592734225621,0.0,25,12,5,7,12,11,6,5,0,110,120,-10,0,110,120,0,0.036647546207775654,0.01752708731676227,0.019120458891013385,-0.0015933715742511153,0.0,1.0,42,42,14,24,485,0.02676864244741874,0.045889101338432124,25,17,10,7,0,194,148,46,0,194,148,0,0.02615678776290631,0.014837476099426386,0.011319311663479924,0.003518164435946463,0.0,1.0,42,42,18,0,505,0.03441682600382409,0.0
libyaml_flow,afl,1,jaccard,1062,9.0,3.5,5.5,0.6111111111111112,17,16,11,5,0,0.6875,0.0,363,52,45,7,52,1,1,0,0,11,0,11,11,0,0,0,0.013221153846153846,0.013221153846153846,0.0,0.013221153846153846,1.0,0.0,11,0,11,0,5,0.6875,0.0,363,1,1,0,0,11,0,11,11,0,0,0,0.001893939393939394,0.001893939393939394,0.0,0.001893939393939394,1.0,0.0,11,0,11,0,5,0.6875,0.0
libyaml_flow,afl,1,ochiai,1062,9.0,3.5,5.5,0.6111111111111112,17,16,11,5,0,0.6875,0.0,363,52,45,7,52,1,1,0,0,11,0,11,11,0,0,0,0.013221153846153846,0.013221153846153846,0.0,0.013221153846153846,1.0,0.0,11,0,11,0,5,0.6875,0.0,363,1,1,0,0,11,0,11,11,0,0,0,0.001893939393939394,0.001893939393939394,0.0,0.001893939393939394,1.0,0.0,11,0,11,0,5,0.6875,0.0
libyaml_flow,afl,2,jaccard,1062,9.0,3.0,6.0,0.6666666666666666,17,16,12,4,0,0.75,0.0,353,54,52,2,54,8,8,0,0,90,0,90,90,0,0,0,0.10416666666666667,0.10416666666666667,0.0,0.10416666666666667,1.0,0.0,12,0,12,0,4,0.75,0.0,353,10,10,0,0,112,0,112,112,0,0,0,0.019830028328611898,0.019830028328611898,0.0,0.019830028328611898,1.0,0.0,12,0,12,0,4,0.75,0.0
libyaml_flow,afl,2,ochiai,1062,9.0,3.0,6.0,0.6666666666666666,17,16,12,4,0,0.75,0.0,353,54,52,2,54,8,8,0,0,90,0,90,90,0,0,0,0.10416666666666667,0.10416666666666667,0.0,0.10416666666666667,1.0,0.0,12,0,12,0,4,0.75,0.0,353,10,10,0,0,112,0,112,112,0,0,0,0.019830028328611898,0.019830028328611898,0.0,0.019830028328611898,1.0,0.0,12,0,12,0,4,0.75,0.0
libyaml_flow,afl,3,jaccard,1062,9.0,3.5,5.5,0.6111111111111112,17,16,11,5,0,0.6875,0.0,290,45,36,9,45,4,4,0,0,44,0,44,44,0,0,0,0.06111111111111111,0.06111111111111111,0.0,0.06111111111111111,1.0,0.0,11,0,11,0,5,0.6875,0.0,290,4,4,0,0,44,0,44,44,0,0,0,0.009482758620689655,0.009482758620689655,0.0,0.009482758620689655,1.0,0.0,11,0,11,0,5,0.6875,0.0
libyaml_flow,afl,3,ochiai,1062,9.0,3.5,5.5,0.6111111111111112,17,16,11,5,0,0.6875,0.0,290,45,36,9,45,4,4,0,0,44,0,44,44,0,0,0,0.06111111111111111,0.06111111111111111,0.0,0.06111111111111111,1.0,0.0,11,0,11,0,5,0.6875,0.0,290,4,4,0,0,44,0,44,44,0,0,0,0.009482758620689655,0.009482758620689655,0.0,0.009482758620689655,1.0,0.0,11,0,11,0,5,0.6875,0.0
libyaml_flow,afl,4,jaccard,1062,9.0,9.0,0.0,0.0,17,16,0,16,0,0.0,0.0,326,44,39,5,44,0,0,0,0,0,0,0,0,0,0,0,0.0,0.0,0.0,0.0,0.0,0.0,0,0,0,0,16,0.0,0.0,326,0,0,0,0,0,0,0,0,0,0,0,0.0,0.0,0.0,0.0,0.0,0.0,0,0,0,0,16,0.0,0.0
libyaml_flow,afl,4,ochiai,1062,9.0,9.0,0.0,0.0,17,16,0,16,0,0.0,0.0,326,44,39,5,44,0,0,0,0,0,0,0,0,0,0,0,0.0,0.0,0.0,0.0,0.0,0.0,0,0,0,0,16,0.0,0.0,326,0,0,0,0,0,0,0,0,0,0,0,0.0,0.0,0.0,0.0,0.0,0.0,0,0,0,0,16,0.0,0.0
libyaml_flow,afl,5,jaccard,1062,9.0,3.5,5.5,0.6111111111111112,17,16,11,5,0,0.6875,0.0,341,62,50,12,62,1,1,0,0,11,0,11,11,0,0,0,0.011088709677419355,0.011088709677419355,0.0,0.011088709677419355,1.0,0.0,11,0,11,0,5,0.6875,0.0,341,1,1,0,0,11,0,11,11,0,0,0,0.0020161290322580645,0.0020161290322580645,0.0,0.0020161290322580645,1.0,0.0,11,0,11,0,5,0.6875,0.0
libyaml_flow,afl,5,ochiai,1062,9.0,3.5,5.5,0.6111111111111112,17,16,11,5,0,0.6875,0.0,341,62,50,12,62,1,1,0,0,11,0,11,11,0,0,0,0.011088709677419355,0.011088709677419355,0.0,0.011088709677419355,1.0,0.0,11,0,11,0,5,0.6875,0.0,341,1,1,0,0,11,0,11,11,0,0,0,0.0020161290322580645,0.0020161290322580645,0.0,0.0020161290322580645,1.0,0.0,11,0,11,0,5,0.6875,0.0
libyaml_flow,aflsmart-mixed,1,jaccard,1062,9.0,3.0,6.0,0.6666666666666666,17,16,12,4,0,0.75,0.0,316,53,47,6,53,3,3,0,0,33,0,33,33,0,0,0,0.03891509433962264,0.03891509433962264,0.0,0.03891509433962264,1.0,0.0,12,0,12,0,4,0.75,0.0,316,3,3,0,0,33,0,33,33,0,0,0,0.006526898734177215,0.006526898734177215,0.0,0.006526898734177215,1.0,0.0,12,0,12,0,4,0.75,0.0
libyaml_flow,aflsmart-mixed,1,ochiai,1062,9.0,3.0,6.0,0.6666666666666666,17,16,12,4,0,0.75,0.0,316,53,47,6,53,3,3,0,0,33,0,33,33,0,0,0,0.03891509433962264,0.03891509433962264,0.0,0.03891509433962264,1.0,0.0,12,0,12,0,4,0.75,0.0,316,3,3,0,0,33,0,33,33,0,0,0,0.006526898734177215,0.006526898734177215,0.0,0.006526898734177215,1.0,0.0,12,0,12,0,4,0.75,0.0
libyaml_flow,aflsmart-mixed,2,jaccard,1062,9.0,3.0,6.0,0.6666666666666666,17,16,12,4,0,0.75,0.0,322,45,39,6,45,3,3,0,0,33,0,33,33,0,0,0,0.04583333333333333,0.04583333333333333,0.0,0.04583333333333333,1.0,0.0,12,0,12,0,4,0.75,0.0,322,3,3,0,0,33,0,33,33,0,0,0,0.00640527950310559,0.00640527950310559,0.0,0.00640527950310559,1.0,0.0,12,0,12,0,4,0.75,0.0
libyaml_flow,aflsmart-mixed,2,ochiai,1062,9.0,3.0,6.0,0.6666666666666666,17,16,12,4,0,0.75,0.0,322,45,39,6,45,3,3,0,0,33,0,33,33,0,0,0,0.04583333333333333,0.04583333333333333,0.0,0.04583333333333333,1.0,0.0,12,0,12,0,4,0.75,0.0,322,3,3,0,0,33,0,33,33,0,0,0,0.00640527950310559,0.00640527950310559,0.0,0.00640527950310559,1.0,0.0,12,0,12,0,4,0.75,0.0
libyaml_flow,aflsmart-mixed,3,jaccard,1062,9.0,9.0,0.0,0.0,17,16,0,16,0,0.0,0.0,277,44,40,4,44,0,0,0,0,0,0,0,0,0,0,0,0.0,0.0,0.0,0.0,0.0,0.0,0,0,0,0,16,0.0,0.0,277,0,0,0,0,0,0,0,0,0,0,0,0.0,0.0,0.0,0.0,0.0,0.0,0,0,0,0,16,0.0,0.0
libyaml_flow,aflsmart-mixed,3,ochiai,1062,9.0,9.0,0.0,0.0,17,16,0,16,0,0.0,0.0,277,44,40,4,44,0,0,0,0,0,0,0,0,0,0,0,0.0,0.0,0.0,0.0,0.0,0.0,0,0,0,0,16,0.0,0.0,277,0,0,0,0,0,0,0,0,0,0,0,0.0,0.0,0.0,0.0,0.0,0.0,0,0,0,0,16,0.0,0.0
libyaml_flow,aflsmart-mixed,4,jaccard,1062,9.0,9.0,0.0,0.0,17,16,0,16,0,0.0,0.0,314,49,36,13,49,0,0,0,0,0,0,0,0,0,0,0,0.0,0.0,0.0,0.0,0.0,0.0,0,0,0,0,16,0.0,0.0,314,0,0,0,0,0,0,0,0,0,0,0,0.0,0.0,0.0,0.0,0.0,0.0,0,0,0,0,16,0.0,0.0
libyaml_flow,aflsmart-mixed,4,ochiai,1062,9.0,9.0,0.0,0.0,17,16,0,16,0,0.0,0.0,314,49,36,13,49,0,0,0,0,0,0,0,0,0,0,0,0.0,0.0,0.0,0.0,0.0,0.0,0,0,0,0,16,0.0,0.0,314,0,0,0,0,0,0,0,0,0,0,0,0.0,0.0,0.0,0.0,0.0,0.0,0,0,0,0,16,0.0,0.0
libyaml_flow,aflsmart-mixed,5,jaccard,1062,9.0,3.5,5.5,0.6111111111111112,17,16,11,5,0,0.6875,0.0,321,49,43,6,49,1,1,0,0,11,0,11,11,0,0,0,0.01403061224489796,0.01403061224489796,0.0,0.01403061224489796,1.0,0.0,11,0,11,0,5,0.6875,0.0,321,1,1,0,0,11,0,11,11,0,0,0,0.002141744548286604,0.002141744548286604,0.0,0.002141744548286604,1.0,0.0,11,0,11,0,5,0.6875,0.0
libyaml_flow,aflsmart-mixed,5,ochiai,1062,9.0,3.5,5.5,0.6111111111111112,17,16,11,5,0,0.6875,0.0,321,49,43,6,49,1,1,0,0,11,0,11,11,0,0,0,0.01403061224489796,0.01403061224489796,0.0,0.01403061224489796,1.0,0.0,11,0,11,0,5,0.6875,0.0,321,1,1,0,0,11,0,11,11,0,0,0,0.002141744548286604,0.002141744548286604,0.0,0.002141744548286604,1.0,0.0,11,0,11,0,5,0.6875,0.0
libyaml_flow,aflsmart-nonstack,1,jaccard,1062,9.0,3.5,5.5,0.6111111111111112,17,16,11,5,0,0.6875,0.0,340,49,41,8,49,2,2,0,0,22,0,22,22,0,0,0,0.02806122448979592,0.02806122448979592,0.0,0.02806122448979592,1.0,0.0,11,0,11,0,5,0.6875,0.0,340,2,2,0,0,22,0,22,22,0,0,0,0.004044117647058824,0.004044117647058824,0.0,0.004044117647058824,1.0,0.0,11,0,11,0,5,0.6875,0.0
libyaml_flow,aflsmart-nonstack,1,ochiai,1062,9.0,3.5,5.5,0.6111111111111112,17,16,11,5,0,0.6875,0.0,340,49,41,8,49,2,2,0,0,22,0,22,22,0,0,0,0.02806122448979592,0.02806122448979592,0.0,0.02806122448979592,1.0,0.0,11,0,11,0,5,0.6875,0.0,340,2,2,0,0,22,0,22,22,0,0,0,0.004044117647058824,0.004044117647058824,0.0,0.004044117647058824,1.0,0.0,11,0,11,0,5,0.6875,0.0
libyaml_flow,aflsmart-nonstack,2,jaccard,1062,9.0,3.5,5.5,0.6111111111111112,17,16,11,5,0,0.6875,0.0,286,41,36,5,41,3,3,0,0,33,0,33,33,0,0,0,0.05030487804878049,0.05030487804878049,0.0,0.05030487804878049,1.0,0.0,11,0,11,0,5,0.6875,0.0,286,3,3,0,0,33,0,33,33,0,0,0,0.007211538461538462,0.007211538461538462,0.0,0.007211538461538462,1.0,0.0,11,0,11,0,5,0.6875,0.0
libyaml_flow,aflsmart-nonstack,2,ochiai,1062,9.0,3.5,5.5,0.6111111111111112,17,16,11,5,0,0.6875,0.0,286,41,36,5,41,3,3,0,0,33,0,33,33,0,0,0,0.05030487804878049,0.05030487804878049,0.0,0.05030487804878049,1.0,0.0,11,0,11,0,5,0.6875,0.0,286,3,3,0,0,33,0,33,33,0,0,0,0.007211538461538462,0.007211538461538462,0.0,0.007211538461538462,1.0,0.0,11,0,11,0,5,0.6875,0.0
libyaml_flow,aflsmart-nonstack,3,jaccard,1062,9.0,9.0,0.0,0.0,17,16,0,16,0,0.0,0.0,342,39,35,4,39,0,0,0,0,0,0,0,0,0,0,0,0.0,0.0,0.0,0.0,0.0,0.0,0,0,0,0,16,0.0,0.0,342,0,0,0,0,0,0,0,0,0,0,0,0.0,0.0,0.0,0.0,0.0,0.0,0,0,0,0,16,0.0,0.0
libyaml_flow,aflsmart-nonstack,3,ochiai,1062,9.0,9.0,0.0,0.0,17,16,0,16,0,0.0,0.0,342,39,35,4,39,0,0,0,0,0,0,0,0,0,0,0,0.0,0.0,0.0,0.0,0.0,0.0,0,0,0,0,16,0.0,0.0,342,0,0,0,0,0,0,0,0,0,0,0,0.0,0.0,0.0,0.0,0.0,0.0,0,0,0,0,16,0.0,0.0
libyaml_flow,aflsmart-nonstack,4,jaccard,1062,9.0,3.0,6.0,0.6666666666666666,17,16,12,4,0,0.75,0.0,271,44,36,8,44,2,2,0,0,22,0,22,22,0,0,0,0.03125,0.03125,0.0,0.03125,1.0,0.0,12,0,12,0,4,0.75,0.0,271,2,2,0,0,22,0,22,22,0,0,0,0.00507380073800738,0.00507380073800738,0.0,0.00507380073800738,1.0,0.0,12,0,12,0,4,0.75,0.0
libyaml_flow,aflsmart-nonstack,4,ochiai,1062,9.0,3.0,6.0,0.6666666666666666,17,16,12,4,0,0.75,0.0,271,44,36,8,44,2,2,0,0,22,0,22,22,0,0,0,0.03125,0.03125,0.0,0.03125,1.0,0.0,12,0,12,0,4,0.75,0.0,271,2,2,0,0,22,0,22,22,0,0,0,0.00507380073800738,0.00507380073800738,0.0,0.00507380073800738,1.0,0.0,12,0,12,0,4,0.75,0.0
libyaml_flow,aflsmart-nonstack,5,jaccard,1062,9.0,9.0,0.0,0.0,17,16,0,16,0,0.0,0.0,288,55,48,7,55,0,0,0,0,0,0,0,0,0,0,0,0.0,0.0,0.0,0.0,0.0,0.0,0,0,0,0,16,0.0,0.0,288,0,0,0,0,0,0,0,0,0,0,0,0.0,0.0,0.0,0.0,0.0,0.0,0,0,0,0,16,0.0,0.0
libyaml_flow,aflsmart-nonstack,5,ochiai,1062,9.0,9.0,0.0,0.0,17,16,0,16,0,0.0,0.0,288,55,48,7,55,0,0,0,0,0,0,0,0,0,0,0,0.0,0.0,0.0,0.0,0.0,0.0,0,0,0,0,16,0.0,0.0,288,0,0,0,0,0,0,0,0,0,0,0,0.0,0.0,0.0,0.0,0.0,0.0,0,0,0,0,16,0.0,0.0
